{
  "mp3": {
    "files": 19,
    "original_ms_per_file": 0.14779841723410705,
    "rust_ms_per_file": 0.007746851463851176,
    "speedup": 19.078514403402846,
    "passed": false
  },
  "flac": {
    "files": 6,
    "original_ms_per_file": 0.06896820074568193,
    "rust_ms_per_file": 0.009415011542538801,
    "speedup": 7.325344258376163,
    "passed": false
  },
  "ogg": {
    "files": 3,
    "original_ms_per_file": 0.15846973595519862,
    "rust_ms_per_file": 0.013573328033089638,
    "speedup": 11.675083337621718,
    "passed": false
  },
  "mp4": {
    "files": 9,
    "original_ms_per_file": 0.1379810014946593,
    "rust_ms_per_file": 0.008923337898320623,
    "speedup": 15.462935850566348,
    "passed": false
  },
  "auto_detect": {
    "files": 37,
    "original_ms_per_file": 0.17469481414032947,
    "rust_ms_per_file": 0.008462166816398903,
    "speedup": 20.644217719956423,
    "passed": false
  },
  "batch_mp3": {
    "files": 760,
    "original_ms_per_file": 0.15032828025715916,
    "rust_batch_ms_per_file": 0.00127247369259988,
    "speedup": 118.1386154632501,
    "passed": true
  },
  "batch_flac": {
    "files": 280,
    "original_ms_per_file": 0.06679508618877403,
    "rust_batch_ms_per_file": 0.002824214087533099,
    "speedup": 23.650857944384217,
    "passed": false
  },
  "batch_ogg": {
    "files": 120,
    "original_ms_per_file": 0.10347013400557141,
    "rust_batch_ms_per_file": 0.003990084708978732,
    "speedup": 25.931813871704676,
    "passed": false
  },
  "batch_mp4": {
    "files": 360,
    "original_ms_per_file": 0.14364217770182425,
    "rust_batch_ms_per_file": 0.002498444195629822,
    "speedup": 57.492650007183414,
    "passed": false
  },
  "batch_auto_detect": {
    "files": 1520,
    "original_ms_per_file": 0.1740498664347749,
    "rust_batch_ms_per_file": 0.0016776645727651683,
    "speedup": 103.745331015664,
    "passed": true
  }
}