{
  "mp3": {
    "files": 19,
    "original_ms_per_file": 0.14314862997516206,
    "rust_ms_per_file": 0.008047411316319517,
    "speedup": 17.788158744274437,
    "passed": false
  },
  "flac": {
    "files": 6,
    "original_ms_per_file": 0.06873048065851133,
    "rust_ms_per_file": 0.009133519294361273,
    "speedup": 7.525081892687652,
    "passed": false
  },
  "ogg": {
    "files": 3,
    "original_ms_per_file": 0.15172470981876054,
    "rust_ms_per_file": 0.012666995947559675,
    "speedup": 11.97795518739316,
    "passed": false
  },
  "mp4": {
    "files": 9,
    "original_ms_per_file": 0.13748232999609578,
    "rust_ms_per_file": 0.008687790897157458,
    "speedup": 15.82477428653104,
    "passed": false
  },
  "auto_detect": {
    "files": 37,
    "original_ms_per_file": 0.16778037958853953,
    "rust_ms_per_file": 0.008934133409245594,
    "speedup": 18.779703850729387,
    "passed": false
  },
  "batch_mp3": {
    "files": 760,
    "original_ms_per_file": 0.14338834352154087,
    "rust_batch_ms_per_file": 0.0012976552457793762,
    "speedup": 110.49802633473836,
    "passed": true
  },
  "batch_flac": {
    "files": 280,
    "original_ms_per_file": 0.06311372105431344,
    "rust_batch_ms_per_file": 0.002523129140692098,
    "speedup": 25.01406687293115,
    "passed": false
  },
  "batch_ogg": {
    "files": 120,
    "original_ms_per_file": 0.10027328389696777,
    "rust_batch_ms_per_file": 0.004889459038774172,
    "speedup": 20.508052752213484,
    "passed": false
  },
  "batch_mp4": {
    "files": 360,
    "original_ms_per_file": 0.1398481777869165,
    "rust_batch_ms_per_file": 0.002198685736705859,
    "speedup": 63.60535089313922,
    "passed": false
  },
  "batch_auto_detect": {
    "files": 1520,
    "original_ms_per_file": 0.16604242294928745,
    "rust_batch_ms_per_file": 0.0015530788866606983,
    "speedup": 106.91177658483153,
    "passed": true
  }
}